CONTRACT_SOURCE_SYSTEM,CONTRACT_SOURCE_SYSTEM_ID,SOURCE_SYSTEM_ID,TRANSACTION_TYPE,TRANSACTION_DIRECTION,CONFORMED_VALUE,BUSINESS_DATE,CREATION_DATE,SYSTEM_TIMESTAMP,NSE_ID
Europe 3,13767503,339254,Unknown,,41979.15000,2021-11-25,2022-01-17T14:45:00.000Z,2026-03-17T09:39:00.005Z,a89cc9d9e62da256c91081b39d25afa1
Europe 3,97563756,729664,Unknown,COINSURANCE,14137.29000,2021-09-28,2022-01-17T14:46:00.000Z,2026-03-17T09:39:00.005Z,c6df8f2766135ec2830ee28615339301
Europe 3,13767503,615549,Unknown,,74506.95000,2021-11-30,2022-01-17T14:47:00.000Z,2026-03-17T09:39:00.005Z,939ffa510dab8d5afa72847420b0a1f1
Europe 3,13767503,983143,Unknown,REINSURANCE,40608.61000,2021-02-10,2022-01-17T14:48:00.000Z,2026-03-17T09:39:00.005Z,206a4ae1c16e996dc58d9372a0075b34
Europe 3,46784575,670931,Unknown,COINSURANCE,69918.19000,2021-01-29,2022-01-17T14:49:00.000Z,2026-03-17T09:39:00.005Z,538cdb5d3956c33ad2e38ed4fe5a5989
Europe 3,408124123,538364,Unknown,,269.49000,2021-07-09,2022-01-17T14:50:00.000Z,2026-03-17T09:39:00.005Z,8aa6ce089fa26fa883be95fa482bf561
Europe 3,408124123,571790,Unknown,,41865.78000,2021-03-07,2022-01-17T14:51:00.000Z,2026-03-17T09:39:00.005Z,7bc310e69560e8dbc51b3c649e35ec2a
Europe 3,46784575,482549,Unknown,COINSURANCE,51011.25000,2021-02-20,2022-01-17T14:52:00.000Z,2026-03-17T09:39:00.005Z,a42b24950c655608a8c67d9ad470f63d
Europe 3,13767503,443317,Unknown,,30033.79000,2021-06-07,2022-01-17T14:53:00.000Z,2026-03-17T09:39:00.005Z,473d3adff1f1f154d7a27370f3b2ce6d
Europe 3,408124123,780023,Unknown,,51699.39000,2021-04-24,2022-01-17T14:54:00.000Z,2026-03-17T09:39:00.005Z,65a21b8c1b6f8e3ae132b6028eb6303d
Europe 3,408124123,504379,Unknown,,82316.91000,2021-03-01,2022-01-17T14:55:00.000Z,2026-03-17T09:39:00.005Z,bfb21920ade879fffab84300319c8bb4
Europe 3,97563756,249484,Unknown,,2784.43000,2021-12-20,2022-01-17T14:56:00.000Z,2026-03-17T09:39:00.005Z,bffb9c955aac1b9382ae6fdebebd9978
Europe 3,656948536,771162,Unknown,,32149.71000,2021-12-24,2022-01-17T14:57:00.000Z,2026-03-17T09:39:00.005Z,3fa2aac8afe8658906dbf0e0ea40b333
Europe 3,13767503,589820,Unknown,COINSURANCE,95947.58000,2021-04-05,2022-01-17T14:58:00.000Z,2026-03-17T09:39:00.005Z,142c136920890f2b631d84819cf5b13d
Europe 3,656948536,911394,Unknown,,15428.25000,2021-05-28,2022-01-17T14:59:00.000Z,2026-03-17T09:39:00.005Z,45a5a928bbdf0a705b6712b9d0fd2adf
Europe 3,656948536,919456,Unknown,,45233.37000,2021-08-04,2022-01-17T15:00:00.000Z,2026-03-17T09:39:00.005Z,97e7093447e50ec0d2aadba40f3a7679
Europe 3,656948536,661110,Unknown,,60288.04000,2021-03-11,2022-01-17T15:01:00.000Z,2026-03-17T09:39:00.005Z,c7cfda5f71695fb337311a58453b00c9
Europe 3,656948536,530600,Unknown,,98573.72000,2021-07-30,2022-01-17T15:02:00.000Z,2026-03-17T09:39:00.005Z,34708a64290e793b6683900bac4f58c5
Europe 3,46784575,868079,Unknown,REINSURANCE,75273.64000,2022-01-04,2022-01-17T15:03:00.000Z,2026-03-17T09:39:00.005Z,398394350cf8317060bc134551aa494c
Europe 3,46784575,766649,Unknown,,95890.31000,2021-08-10,2022-01-17T15:04:00.000Z,2026-03-17T09:39:00.005Z,d168f4b53362c2b03178ee3b86a733d5
Europe 3,13767503,999732,Unknown,,26609.62000,2021-02-09,2022-01-17T15:05:00.000Z,2026-03-17T09:39:00.005Z,a1656286b6de31af98c0b448232c9b8e
Europe 3,46784575,978897,Unknown,REINSURANCE,71514.01000,2021-08-04,2022-01-17T15:06:00.000Z,2026-03-17T09:39:00.005Z,396022fbc9c5b93f93225e0432e50656
Europe 3,13767503,265676,Unknown,,16178.00000,2021-04-18,2022-01-17T15:07:00.000Z,2026-03-17T09:39:00.005Z,89dcef4ac7bca12dfd8264ea7d9c2987
Europe 3,408124123,591902,Unknown,,77290.02000,2021-05-15,2022-01-17T15:08:00.000Z,2026-03-17T09:39:00.005Z,66158ed8d90bba13855e8816c7d774f5
Europe 3,13767503,645612,Unknown,COINSURANCE,12523.72000,2021-10-05,2022-01-17T15:09:00.000Z,2026-03-17T09:39:00.005Z,7769a8f56cd9264ab8061e1af2e40f2f
Europe 3,408124123,106918,Unknown,,11062.62000,2021-11-07,2022-01-17T15:10:00.000Z,2026-03-17T09:39:00.005Z,561fdab1971601a2f4d3028cfde7eb07
Europe 3,46784575,222886,Unknown,,51246.42000,2021-02-10,2022-01-17T15:11:00.000Z,2026-03-17T09:39:00.005Z,16eab973ee1e9cb4fcb5b99cfbac3824
Europe 3,656948536,545851,Unknown,,816.57000,2021-06-22,2022-01-17T15:12:00.000Z,2026-03-17T09:39:00.005Z,c1f1e3de0831d66dc37a590ec82bedcc
Europe 3,408124123,924138,Unknown,,40871.11000,2021-08-10,2022-01-17T15:13:00.000Z,2026-03-17T09:39:00.005Z,26a0e9ed3643dd266848c8ae3ea10a19
Europe 3,408124123,374133,Unknown,,95727.28000,2021-04-11,2022-01-17T15:14:00.000Z,2026-03-17T09:39:00.005Z,44bcf6d55094255b04ed6619d8e85935
Europe 3,13767503,543774,Unknown,COINSURANCE,5198.58000,2021-09-15,2022-01-17T15:15:00.000Z,2026-03-17T09:39:00.005Z,4da57261001ed69b6c4a1f1d00589d77
Europe 3,408124123,743623,Unknown,,99408.08000,2021-02-13,2022-01-17T15:16:00.000Z,2026-03-17T09:39:00.005Z,a7dec1510544b4430feeb6c4e1011f73
Europe 3,97563756,548227,Unknown,,55130.60000,2021-12-09,2022-01-17T15:17:00.000Z,2026-03-17T09:39:00.005Z,4080bd1bd3d0e0d1cf3b2cae491f1c4a
Europe 3,46784575,809158,Unknown,,83418.52000,2021-05-01,2022-01-17T15:18:00.000Z,2026-03-17T09:39:00.005Z,713ed5f9292e9be85f47c75567ac4fdc
Europe 3,13767503,902322,Unknown,REINSURANCE,93669.00000,2021-12-23,2022-01-17T15:19:00.000Z,2026-03-17T09:39:00.005Z,95455f2c7af8e46df821b76ab477064d
Europe 3,46784575,247245,Unknown,,20393.26000,2021-11-20,2022-01-17T15:20:00.000Z,2026-03-17T09:39:00.005Z,0d2c6690fdc981ffc23b94de42028ffb
Europe 3,656948536,794858,Unknown,COINSURANCE,48955.97000,2021-08-23,2022-01-17T15:21:00.000Z,2026-03-17T09:39:00.005Z,7b0790fd89210a9164d4211aedcf0614
Europe 3,97563756,990150,Unknown,COINSURANCE,41804.50000,2021-02-10,2022-01-17T15:22:00.000Z,2026-03-17T09:39:00.005Z,6431fb504f29c66cec72d7c60d16fa31
Europe 3,408124123,803597,Unknown,REINSURANCE,74520.38000,2022-01-04,2022-01-17T15:23:00.000Z,2026-03-17T09:39:00.005Z,afe3761b05249485b8976592657b4924
Europe 3,97563756,264653,Unknown,,16131.78000,2022-01-16,2022-01-17T15:24:00.000Z,2026-03-17T09:39:00.005Z,f41019d411c66be412881df61cb9af8b
Europe 3,656948536,506951,Unknown,COINSURANCE,55235.20000,2021-09-10,2022-01-17T15:25:00.000Z,2026-03-17T09:39:00.005Z,ba0da034c822b18385004ad35040499a
Europe 3,656948536,249074,Unknown,REINSURANCE,69655.23000,2021-10-31,2022-01-17T15:26:00.000Z,2026-03-17T09:39:00.005Z,344565d912504191009db88ab8b168c3
Europe 3,408124123,815744,Unknown,,24398.52000,2021-12-21,2022-01-17T15:27:00.000Z,2026-03-17T09:39:00.005Z,73d1c3eb2bf227a9660ffab6390dcc62
Europe 3,13767503,484455,Unknown,,40240.98000,2021-08-16,2022-01-17T15:28:00.000Z,2026-03-17T09:39:00.005Z,21f410ce2ab426f5cb7775cf30637c49
Europe 3,46784575,895063,Unknown,COINSURANCE,61135.05000,2021-08-28,2022-01-17T15:29:00.000Z,2026-03-17T09:39:00.005Z,1c608190a3384e58e2968762567a2c90
Europe 3,13767503,254367,Unknown,,88935.57000,2021-11-20,2022-01-17T15:30:00.000Z,2026-03-17T09:39:00.005Z,d10ad4ed5c7ec38c7655fee16fbafad8
Europe 3,97563756,908749,Unknown,,20203.48000,2021-10-12,2022-01-17T15:31:00.000Z,2026-03-17T09:39:00.005Z,cef3b7f284d30ed6b66f59731d106293
Europe 3,408124123,954212,Unknown,,90622.64000,2021-07-16,2022-01-17T15:32:00.000Z,2026-03-17T09:39:00.005Z,fe5733ee6e98b5721cf3483e9bf26a85
Europe 3,97563756,533412,Unknown,REINSURANCE,16975.18000,2021-10-29,2022-01-17T15:33:00.000Z,2026-03-17T09:39:00.005Z,324a2eb00ffbf6242b9c2a29163ab464
Europe 3,408124123,970616,Unknown,COINSURANCE,69102.08000,2021-10-31,2022-01-17T15:34:00.000Z,2026-03-17T09:39:00.005Z,c7fb2e857f4fef2ffa93822848ce56af
Europe 3,656948536,365004,Unknown,REINSURANCE,96238.47000,2021-06-01,2022-01-17T15:35:00.000Z,2026-03-17T09:39:00.005Z,162a0f0c50643673d2631f1fdc3bac37
Europe 3,656948536,781367,Unknown,,69457.87000,2021-11-25,2022-01-17T15:36:00.000Z,2026-03-17T09:39:00.005Z,6251da33c0ae7d2ccde497d2aca99845
Europe 3,46784575,484086,Unknown,,14735.12000,2021-08-23,2022-01-17T15:37:00.000Z,2026-03-17T09:39:00.005Z,a0a0a3e101fd0212c07ebf29f23d51f8
Europe 3,408124123,507189,Unknown,,95703.40000,2021-10-22,2022-01-17T15:38:00.000Z,2026-03-17T09:39:00.005Z,30c7d40b40ff1bc33f95722cd754a9e2
Europe 3,97563756,686285,Unknown,,83714.12000,2021-03-13,2022-01-17T15:39:00.000Z,2026-03-17T09:39:00.005Z,bbe05d0ca64c25366610431c14b2cc3c
Europe 3,656948536,550269,Unknown,,67202.29000,2021-11-26,2022-01-17T15:40:00.000Z,2026-03-17T09:39:00.005Z,63c8e1c07d140df79b240fea9dbab432
Europe 3,656948536,445773,Unknown,REINSURANCE,84106.93000,2021-05-15,2022-01-17T15:41:00.000Z,2026-03-17T09:39:00.005Z,830678cba20b80530a4ca8c892829e40
Europe 3,97563756,306110,Unknown,COINSURANCE,88561.40000,2021-07-16,2022-01-17T15:42:00.000Z,2026-03-17T09:39:00.005Z,a8540999a91f098540415901a9a1f326
Europe 3,408124123,996108,Unknown,,69750.30000,2021-09-07,2022-01-17T15:43:00.000Z,2026-03-17T09:39:00.005Z,d74e97d7b359852fde2cb4996511f20e
Europe 3,46784575,371669,Unknown,,71912.77000,2021-11-01,2022-01-17T15:44:00.000Z,2026-03-17T09:39:00.005Z,ec1d26f9b9cabb4d099731d030b767fc
Europe 3,10000001,500001,Corporate,COINSURANCE,12345.67000,2021-01-15,2022-01-18T09:30:00.000Z,2026-03-17T09:39:00.005Z,d2a43e2b7ea6ffacd0dc6317e35304a6
Europe 3,10000002,500002,Private,REINSURANCE,23456.78000,2021-02-22,2022-01-18T10:45:00.000Z,2026-03-17T09:39:00.005Z,669d196a70f5ad0d9bac3a77517a6db4
Europe 3,10000003,500003,Unknown,,34567.89000,2021-03-05,2022-01-19T11:20:00.000Z,2026-03-17T09:39:00.005Z,aead75db5dc85686bd8240986014f8fb
Europe 3,10000004,500004,Unknown,,45678.90000,2021-04-18,2022-01-19T14:15:00.000Z,2026-03-17T09:39:00.005Z,516ced1c8e61b1ebe72615aaf412b42e
Europe 3,10000005,500005,Unknown,,56789.01000,2021-05-29,2022-01-20T08:50:00.000Z,2026-03-17T09:39:00.005Z,0dcb40fe10fa69d5b844c8d265013712
Europe 3,10000006,500006,Unknown,,67890.12000,2021-06-10,2022-01-20T13:25:00.000Z,2026-03-17T09:39:00.005Z,5160296b325ac4cfef0f29686a4ff1ab
Europe 3,10000007,500007,Unknown,COINSURANCE,78901.23000,2021-07-22,2022-01-21T09:40:00.000Z,2026-03-17T09:39:00.005Z,cd798304f27450130240e9080764c837
Europe 3,10000008,500008,Unknown,REINSURANCE,89012.34000,2021-08-03,2022-01-21T15:10:00.000Z,2026-03-17T09:39:00.005Z,379a1452deff998dd2c0022e01b2a48a
Europe 3,10000009,500009,Unknown,,90123.45000,2021-09-14,2022-01-22T10:05:00.000Z,2026-03-17T09:39:00.005Z,27e9e47457efd8b562c6bf6ee0816ce9
Europe 3,10000010,500010,Unknown,,1234.56000,2021-10-25,2022-01-22T16:30:00.000Z,2026-03-17T09:39:00.005Z,f612a0c0b4daf39e5e81974b3bbc5190
Europe 3,10000011,500011,Unknown,,2345.67000,2021-11-06,2022-01-23T08:15:00.000Z,2026-03-17T09:39:00.005Z,38ff7656b912a0e52b2e8d89b1206a6b
Europe 3,10000012,500012,Unknown,,3456.78000,2021-12-17,2022-01-23T12:45:00.000Z,2026-03-17T09:39:00.005Z,1ee464a37b0b70de39ed3c6f7705505c
Europe 3,10000013,500013,Corporate,COINSURANCE,4567.89000,2022-01-28,2022-01-24T09:20:00.000Z,2026-03-17T09:39:00.005Z,4ec847832a25b2fc1f397bcd4515f176
Europe 3,10000014,500014,Private,REINSURANCE,5678.90000,2021-02-09,2022-01-24T14:55:00.000Z,2026-03-17T09:39:00.005Z,615b3f6d68c462770752a42571093214
Europe 3,10000015,500015,Unknown,,6789.01000,2021-03-20,2022-01-25T10:30:00.000Z,2026-03-17T09:39:00.005Z,5aa246d9c463c9ad8d073eac1b73b0f9
Europe 3,10000016,500016,Unknown,,7890.12000,2021-04-01,2022-01-25T15:40:00.000Z,2026-03-17T09:39:00.005Z,dcac24ba1614091c54c6d11e70458ca9
Europe 3,10000017,500017,Unknown,,8901.23000,2021-05-12,2022-01-26T08:25:00.000Z,2026-03-17T09:39:00.005Z,3712c1cad2ab8527c40d85267263e289
Europe 3,10000018,500018,Unknown,,9012.34000,2021-06-23,2022-01-26T13:50:00.000Z,2026-03-17T09:39:00.005Z,f48bed17f59ca1135e76507eaceadef3
Europe 3,10000019,500019,Unknown,COINSURANCE,12345.67000,2021-07-04,2022-01-27T09:15:00.000Z,2026-03-17T09:39:00.005Z,64941b47c76f0399fea4b9d37d327fab
Europe 3,10000020,500020,Unknown,REINSURANCE,23456.78000,2021-08-15,2022-01-27T16:00:00.000Z,2026-03-17T09:39:00.005Z,62c9ce941de3fc946f148b988c4b8bb5
Europe 3,10000021,500021,Unknown,,34567.89000,2021-09-26,2022-01-28T10:45:00.000Z,2026-03-17T09:39:00.005Z,bf200a01f06bf1a2625e6b1db733db1d
Europe 3,10000022,500022,Unknown,,45678.90000,2021-10-07,2022-01-28T14:20:00.000Z,2026-03-17T09:39:00.005Z,aa77df4de8f9a007fdb73456b81c4838
Europe 3,10000023,500023,Unknown,,56789.01000,2021-11-18,2022-01-29T08:30:00.000Z,2026-03-17T09:39:00.005Z,29e5e9db13ec5b9c6e797b33391c1e71
Europe 3,10000024,500024,Unknown,,67890.12000,2021-12-29,2022-01-29T12:55:00.000Z,2026-03-17T09:39:00.005Z,35e2ed980d148fe6115de601c699aa33
Europe 3,10000025,500025,Corporate,COINSURANCE,78901.23000,2022-01-10,2022-01-30T09:40:00.000Z,2026-03-17T09:39:00.005Z,9155d3098e7e6af1aba782769e54af5d
Europe 3,10000026,500026,Private,REINSURANCE,89012.34000,2021-02-21,2022-01-30T15:15:00.000Z,2026-03-17T09:39:00.005Z,131f390d243bd33df75ecfe8d791a73e
Europe 3,10000027,500027,Unknown,,90123.45000,2021-03-04,2022-01-31T10:00:00.000Z,2026-03-17T09:39:00.005Z,74aef140a230a45159479988f70d8427
Europe 3,10000028,500028,Unknown,,1234.56000,2021-04-15,2022-01-31T16:25:00.000Z,2026-03-17T09:39:00.005Z,c3644c099aa8f66125715970fc4842e4
Europe 3,10000029,500029,Unknown,,2345.67000,2021-05-26,2022-02-01T08:50:00.000Z,2026-03-17T09:39:00.005Z,0b582fdea828bfaea7af425e88f15f67
Europe 3,10000030,500030,Unknown,,3456.78000,2021-06-06,2022-02-01T13:20:00.000Z,2026-03-17T09:39:00.005Z,61fd9d2ec520c3e37ca5e6acf79486e0
Europe 3,10000031,500031,Unknown,COINSURANCE,4567.89000,2021-07-17,2022-02-02T09:45:00.000Z,2026-03-17T09:39:00.005Z,867cc33bff37b9ec46d3901428de6285
Europe 3,10000032,500032,Unknown,REINSURANCE,5678.90000,2021-08-28,2022-02-02T14:30:00.000Z,2026-03-17T09:39:00.005Z,078a8569315252984b03055a6d8a5909
Europe 3,10000033,500033,Unknown,,6789.01000,2021-09-09,2022-02-03T10:15:00.000Z,2026-03-17T09:39:00.005Z,65478c5fc19025025b9c42e4f7a996aa
Europe 3,10000034,500034,Unknown,,7890.12000,2021-10-20,2022-02-03T15:45:00.000Z,2026-03-17T09:39:00.005Z,8001c2bf7e33aa6d773694e62400cce1
Europe 3,10000035,500035,Unknown,,8901.23000,2021-11-01,2022-02-04T08:20:00.000Z,2026-03-17T09:39:00.005Z,35a8d26b9c7314d7672903a22dd942fe
Europe 3,10000036,500036,Unknown,,9012.34000,2021-12-12,2022-02-04T12:55:00.000Z,2026-03-17T09:39:00.005Z,6fcb1683c837e62adfe7ba5e41569c11
Europe 3,10000037,500037,Corporate,COINSURANCE,12345.67000,2022-01-23,2022-02-05T09:30:00.000Z,2026-03-17T09:39:00.005Z,299b847f4e46b7f0386cc26e5b2d0713
Europe 3,10000038,500038,Private,REINSURANCE,23456.78000,2021-02-03,2022-02-05T14:05:00.000Z,2026-03-17T09:39:00.005Z,4dc2419e870dd207a2366119ba63207c
Europe 3,10000039,500039,Unknown,,34567.89000,2021-03-14,2022-02-06T10:40:00.000Z,2026-03-17T09:39:00.005Z,c0dac1803dfda6e98978e3d6012c6490
Europe 3,10000040,500040,Unknown,,45678.90000,2021-04-25,2022-02-06T16:10:00.000Z,2026-03-17T09:39:00.005Z,649226dc2fcdd0be4a2e0924cdc6a20e
Europe 3,10000041,500041,Unknown,,56789.01000,2021-05-06,2022-02-07T08:35:00.000Z,2026-03-17T09:39:00.005Z,8f64c42be3ac186ec0fa5e4e5790cf62
Europe 3,10000042,500042,Unknown,,67890.12000,2021-06-17,2022-02-07T13:00:00.000Z,2026-03-17T09:39:00.005Z,604b4fed771da47ad9bce775dc64462e
Europe 3,10000043,500043,Unknown,COINSURANCE,78901.23000,2021-07-28,2022-02-08T09:25:00.000Z,2026-03-17T09:39:00.005Z,714f45c55a6191cb4a8907fd6199977f
Europe 3,10000044,500044,Unknown,REINSURANCE,89012.34000,2021-08-08,2022-02-08T15:50:00.000Z,2026-03-17T09:39:00.005Z,1b7bb3f438eedf4d7ab1adde80a56d7a
Europe 3,10000045,500045,Unknown,,90123.45000,2021-09-19,2022-02-09T10:15:00.000Z,2026-03-17T09:39:00.005Z,a59da84de16a3d05667e2738c8a01bce
Europe 3,10000046,500046,Unknown,,1234.56000,2021-10-30,2022-02-09T14:45:00.000Z,2026-03-17T09:39:00.005Z,efc90a4a447972851e825cb07b1fcd04
Europe 3,10000047,500047,Unknown,,2345.67000,2021-11-10,2022-02-10T08:10:00.000Z,2026-03-17T09:39:00.005Z,07c42354380b0cdd60133aece1852ac2
Europe 3,10000048,500048,Unknown,,3456.78000,2021-12-21,2022-02-10T12:35:00.000Z,2026-03-17T09:39:00.005Z,bbaf0696480d90cf95d26d55bf99a620
Europe 3,10000049,500049,Corporate,COINSURANCE,4567.89000,2022-01-02,2022-02-11T09:00:00.000Z,2026-03-17T09:39:00.005Z,d4c9e3cce53b472f2f53dcb600c4ef9e
Europe 3,10000050,500050,Private,REINSURANCE,5678.90000,2021-02-13,2022-02-11T15:25:00.000Z,2026-03-17T09:39:00.005Z,92769a7d4117b45c1e82436c31a22f00
Europe 3,10000051,500051,Unknown,,6789.01000,2021-03-24,2022-02-12T10:50:00.000Z,2026-03-17T09:39:00.005Z,4a6f7516f1e1bdb8d4a97a3075ea6e38
Europe 3,10000052,500052,Unknown,,7890.12000,2021-04-05,2022-02-12T16:20:00.000Z,2026-03-17T09:39:00.005Z,a0f59007ca66965c5df173808921d1da
Europe 3,10000053,500053,Unknown,,8901.23000,2021-05-16,2022-02-13T08:45:00.000Z,2026-03-17T09:39:00.005Z,c83475696acd6dd2b55295fd61cd5255
Europe 3,10000054,500054,Unknown,,9012.34000,2021-06-27,2022-02-13T13:10:00.000Z,2026-03-17T09:39:00.005Z,d37eecea02a1f450d5cf5095cb6b7573
Europe 3,10000055,500055,Unknown,COINSURANCE,12345.67000,2021-07-08,2022-02-14T09:35:00.000Z,2026-03-17T09:39:00.005Z,d96d66f3bbd7fb615cd748dcaa427a37
Europe 3,10000056,500056,Unknown,REINSURANCE,23456.78000,2021-08-19,2022-02-14T15:00:00.000Z,2026-03-17T09:39:00.005Z,bd53ab4725fadb87e42904b6f609d387
Europe 3,10000057,500057,Unknown,,34567.89000,2021-09-30,2022-02-15T10:25:00.000Z,2026-03-17T09:39:00.005Z,95a0db2bd10f1379ffaafe8c2440cb4b
Europe 3,10000058,500058,Unknown,,45678.90000,2021-10-11,2022-02-15T14:55:00.000Z,2026-03-17T09:39:00.005Z,c5f5b7bf62bd09dc3a11c172f5d4dfb4
Europe 3,10000059,500059,Unknown,,56789.01000,2021-11-22,2022-02-16T08:20:00.000Z,2026-03-17T09:39:00.005Z,1fac8dad597a96c3c0635a04c9cb538f
Europe 3,10000060,500060,Unknown,,67890.12000,2021-12-03,2022-02-16T12:45:00.000Z,2026-03-17T09:39:00.005Z,621379b2ad3b76abcd6ed0984f82ab6e
Europe 3,10000061,500061,Corporate,COINSURANCE,78901.23000,2022-01-14,2022-02-17T09:10:00.000Z,2026-03-17T09:39:00.005Z,8cc6b3daf8b07811d28a85db0a8ab52a
Europe 3,10000062,500062,Private,REINSURANCE,89012.34000,2021-02-25,2022-02-17T15:35:00.000Z,2026-03-17T09:39:00.005Z,06d3e7c087498e41323ac445831c2ac0
Europe 3,10000063,500063,Unknown,,90123.45000,2021-03-08,2022-02-18T10:00:00.000Z,2026-03-17T09:39:00.005Z,bec5defebb48dfece012a927f4197875
Europe 3,10000064,500064,Unknown,,1234.56000,2021-04-19,2022-02-18T14:30:00.000Z,2026-03-17T09:39:00.005Z,e84918d96b42dc01973459a32e7915b2
Europe 3,10000065,500065,Unknown,,2345.67000,2021-05-30,2022-02-19T08:55:00.000Z,2026-03-17T09:39:00.005Z,23d3a74f32238f05ea2d48461dd4afb5
Europe 3,10000066,500066,Unknown,,3456.78000,2021-06-10,2022-02-19T13:20:00.000Z,2026-03-17T09:39:00.005Z,ac983ac1da57e8a880fca129a9044489
Europe 3,10000067,500067,Unknown,COINSURANCE,4567.89000,2021-07-21,2022-02-20T09:45:00.000Z,2026-03-17T09:39:00.005Z,85df682e6ddb37045734115fb068fd7f
Europe 3,10000068,500068,Unknown,REINSURANCE,5678.90000,2021-08-01,2022-02-20T16:10:00.000Z,2026-03-17T09:39:00.005Z,3a9bc678f9c915445e622cd01f3ef2e4
Europe 3,10000069,500069,Unknown,,6789.01000,2021-09-12,2022-02-21T10:35:00.000Z,2026-03-17T09:39:00.005Z,6c096d4bfd8cb425ef45a4102acaecfd
Europe 3,10000070,500070,Unknown,,7890.12000,2021-10-23,2022-02-21T15:05:00.000Z,2026-03-17T09:39:00.005Z,725a7b3bfc87cb10386ac24d20b01d16
Europe 3,10000071,500071,Unknown,,8901.23000,2021-11-03,2022-02-22T08:30:00.000Z,2026-03-17T09:39:00.005Z,ca4de4d06999391704bab0975b75c939
Europe 3,10000072,500072,Unknown,,9012.34000,2021-12-14,2022-02-22T12:55:00.000Z,2026-03-17T09:39:00.005Z,a67a23dee7d9d55fa89f2e638de6c6cd
Europe 3,10000073,500073,Corporate,COINSURANCE,12345.67000,2022-01-25,2022-02-23T09:20:00.000Z,2026-03-17T09:39:00.005Z,2d201366562fd3b1883b6332b0139ee7
Europe 3,10000074,500074,Private,REINSURANCE,23456.78000,2021-02-05,2022-02-23T15:45:00.000Z,2026-03-17T09:39:00.005Z,16f8e76bcbc5bddb1f17213f9b21cda1
Europe 3,10000075,500075,Unknown,,34567.89000,2021-03-16,2022-02-24T10:10:00.000Z,2026-03-17T09:39:00.005Z,b42ac6d41621482d3ac2f7aebc80aaa9
Europe 3,10000076,500076,Unknown,,45678.90000,2021-04-27,2022-02-24T14:40:00.000Z,2026-03-17T09:39:00.005Z,552673af01c159f52faeb623765b3b19
Europe 3,10000077,500077,Unknown,,56789.01000,2021-05-08,2022-02-25T08:05:00.000Z,2026-03-17T09:39:00.005Z,e98ff56d7d83358e7a467c4d490009b9
Europe 3,10000078,500078,Unknown,,67890.12000,2021-06-19,2022-02-25T13:30:00.000Z,2026-03-17T09:39:00.005Z,ccee3c1ebc1420c9c2f796ea1243fe3a
Europe 3,10000079,500079,Unknown,COINSURANCE,78901.23000,2021-07-30,2022-02-26T09:55:00.000Z,2026-03-17T09:39:00.005Z,d15050d1240e85326b429190abef6af0
Europe 3,10000080,500080,Unknown,REINSURANCE,89012.34000,2021-08-10,2022-02-26T16:20:00.000Z,2026-03-17T09:39:00.005Z,cd77655d94ca9a15c0537fd1968a2fdb
Europe 3,10000081,500081,Unknown,,90123.45000,2021-09-21,2022-02-27T10:45:00.000Z,2026-03-17T09:39:00.005Z,3a819d17b761105637da0f49df81d5f5
Europe 3,10000082,500082,Unknown,,1234.56000,2021-10-02,2022-02-27T15:15:00.000Z,2026-03-17T09:39:00.005Z,ad7e4493fe9121d0babc1985094ec706
Europe 3,10000083,500083,Unknown,,2345.67000,2021-11-13,2022-02-28T08:40:00.000Z,2026-03-17T09:39:00.005Z,f484242cda60a1dc5dcef3400d71e906
Europe 3,10000084,500084,Unknown,,3456.78000,2021-12-24,2022-02-28T13:05:00.000Z,2026-03-17T09:39:00.005Z,7813af3f070954ddf0c3a2d4de8734c1
Europe 3,10000085,500085,Corporate,COINSURANCE,4567.89000,2022-01-04,2022-03-01T09:30:00.000Z,2026-03-17T09:39:00.005Z,152b6847c85c491208322dd8e8b7795d
Europe 3,10000086,500086,Private,REINSURANCE,5678.90000,2021-02-15,2022-03-01T15:55:00.000Z,2026-03-17T09:39:00.005Z,59f373e064bf2841721e2a9e7713d007
Europe 3,10000087,500087,Unknown,,6789.01000,2021-03-26,2022-03-02T10:20:00.000Z,2026-03-17T09:39:00.005Z,9faab179f8f127be4f9a7202976ad901
Europe 3,10000088,500088,Unknown,,7890.12000,2021-04-07,2022-03-02T14:50:00.000Z,2026-03-17T09:39:00.005Z,28d9ac60300dc09ee0173269f1c324e5
Europe 3,10000089,500089,Unknown,,8901.23000,2021-05-18,2022-03-03T08:15:00.000Z,2026-03-17T09:39:00.005Z,973178f4040e38355294f3a89ba50b41
Europe 3,10000090,500090,Unknown,,9012.34000,2021-06-29,2022-03-03T13:40:00.000Z,2026-03-17T09:39:00.005Z,f5088d3f17c4284ac765d2d81e40960c
Europe 3,10000091,500091,Unknown,COINSURANCE,12345.67000,2021-07-10,2022-03-04T09:05:00.000Z,2026-03-17T09:39:00.005Z,e2ae0f6dadad710b2130cc2980a56284
Europe 3,10000092,500092,Unknown,REINSURANCE,23456.78000,2021-08-21,2022-03-04T16:30:00.000Z,2026-03-17T09:39:00.005Z,b5155e417f291db4f1feef75379d58f2
Europe 3,10000093,500093,Unknown,,34567.89000,2021-09-01,2022-03-05T10:55:00.000Z,2026-03-17T09:39:00.005Z,26d68caa2ee8abaf7b46360721266921
Europe 3,10000094,500094,Unknown,,45678.90000,2021-10-12,2022-03-05T15:25:00.000Z,2026-03-17T09:39:00.005Z,a355cf05d0c85d0ca73628fa12449eef
Europe 3,10000095,500095,Unknown,,56789.01000,2021-11-23,2022-03-06T08:50:00.000Z,2026-03-17T09:39:00.005Z,536d744cfb132542e81cd363b576d639
Europe 3,10000001,500096,Unknown,,67890.12000,2021-12-04,2022-03-06T13:15:00.000Z,2026-03-17T09:39:00.005Z,ef769065c5ab44de394bf6d225323355
Europe 3,10000002,500097,Corporate,COINSURANCE,78901.23000,2022-01-15,2022-03-07T09:40:00.000Z,2026-03-17T09:39:00.005Z,f74225f9dd1bf7679aef1b1a7e996f2e
Europe 3,10000003,500098,Private,REINSURANCE,89012.34000,2021-02-26,2022-03-07T15:05:00.000Z,2026-03-17T09:39:00.005Z,790e355de6cbdbeccb00b425adbb3990
Europe 3,10000004,500099,Unknown,,90123.45000,2021-03-09,2022-03-08T10:30:00.000Z,2026-03-17T09:39:00.005Z,596d16cb6b70788194680d90040abb15
Europe 3,10000005,500100,Unknown,,1234.56000,2021-04-20,2022-03-08T14:00:00.000Z,2026-03-17T09:39:00.005Z,a0d1328344a0d005bb54bda733984d4a
Europe 3,10000006,500101,Unknown,,2345.67000,2021-05-01,2022-03-09T08:25:00.000Z,2026-03-17T09:39:00.005Z,e4d85dcf3ff4e51fb3ad5d268490bbc7
Europe 3,10000007,500102,Unknown,,3456.78000,2021-06-12,2022-03-09T13:50:00.000Z,2026-03-17T09:39:00.005Z,0d32732a783fd31526ed5e1144201cb6
Europe 3,10000008,500103,Unknown,COINSURANCE,4567.89000,2021-07-23,2022-03-10T09:15:00.000Z,2026-03-17T09:39:00.005Z,284a668b22ed8d0860fe88fbc0176272
Europe 3,10000009,500104,Unknown,REINSURANCE,5678.90000,2021-08-03,2022-03-10T16:40:00.000Z,2026-03-17T09:39:00.005Z,8762b4fb1147b31ec46663a2fa6906fb
Europe 3,10000010,500105,Unknown,,6789.01000,2021-09-14,2022-03-11T10:05:00.000Z,2026-03-17T09:39:00.005Z,8eee4ffc95e720d11a0b4e5d7ea0d90c
Europe 3,10000011,500106,Unknown,,7890.12000,2021-10-25,2022-03-11T14:35:00.000Z,2026-03-17T09:39:00.005Z,0385cdec3e75294f5f74ccb06572859b
Europe 3,10000012,500107,Unknown,,8901.23000,2021-11-05,2022-03-12T08:00:00.000Z,2026-03-17T09:39:00.005Z,12595c1f2611633a964da096a08c9bff
Europe 3,10000013,500108,Unknown,,9012.34000,2021-12-16,2022-03-12T12:25:00.000Z,2026-03-17T09:39:00.005Z,a3b3142dcc3b2cbfb48a858a09dc243f
Europe 3,10000014,500109,Corporate,COINSURANCE,12345.67000,2022-01-27,2022-03-13T09:50:00.000Z,2026-03-17T09:39:00.005Z,6d023e8016b83f5d316a3bd3bb2e4c2f
Europe 3,10000015,500110,Private,REINSURANCE,23456.78000,2021-02-07,2022-03-13T15:15:00.000Z,2026-03-17T09:39:00.005Z,bcf1677f7a129a28f42dcf60780eec65
Europe 3,10000016,500111,Unknown,,34567.89000,2021-03-18,2022-03-14T10:40:00.000Z,2026-03-17T09:39:00.005Z,df781954c17edae805f4bf6324ed1ea5
Europe 3,10000017,500112,Unknown,,45678.90000,2021-04-29,2022-03-14T15:10:00.000Z,2026-03-17T09:39:00.005Z,69f9f272241957c5808554b27536328f
Europe 3,10000018,500113,Unknown,,56789.01000,2021-05-10,2022-03-15T08:35:00.000Z,2026-03-17T09:39:00.005Z,0578e3b5d79900b607c4f996b3a33f8a
Europe 3,10000019,500114,Unknown,,67890.12000,2021-06-21,2022-03-15T13:00:00.000Z,2026-03-17T09:39:00.005Z,77a016b2253962241066251d333ebc7e
Europe 3,10000020,500115,Unknown,COINSURANCE,78901.23000,2021-07-02,2022-03-16T09:25:00.000Z,2026-03-17T09:39:00.005Z,64682673df7c0862226d3715dcb987e6
Europe 3,10000021,500116,Unknown,REINSURANCE,89012.34000,2021-08-13,2022-03-16T15:50:00.000Z,2026-03-17T09:39:00.005Z,a6b3363c599c38076cc66c7c062e90c9
Europe 3,10000022,500117,Unknown,,90123.45000,2021-09-24,2022-03-17T10:15:00.000Z,2026-03-17T09:39:00.005Z,912bbf2974cf144d3d5f8d0a34aea907
Europe 3,10000023,500118,Unknown,,1234.56000,2021-10-05,2022-03-17T14:45:00.000Z,2026-03-17T09:39:00.005Z,2b29f7be531ef771bdddb79751e79447
Europe 3,10000024,500119,Unknown,,2345.67000,2021-11-16,2022-03-18T08:10:00.000Z,2026-03-17T09:39:00.005Z,18f39ce2a50e7c127892f2271ab65a6b
Europe 3,10000025,500120,Unknown,,3456.78000,2021-12-27,2022-03-18T12:35:00.000Z,2026-03-17T09:39:00.005Z,0f796144ee713a8a67f2e135223c1a81
Europe 3,10000026,500121,Corporate,COINSURANCE,4567.89000,2022-01-07,2022-03-19T09:00:00.000Z,2026-03-17T09:39:00.005Z,9dc92269d7049b76ec4ce249754974c3
Europe 3,10000027,500122,Private,REINSURANCE,5678.90000,2021-02-18,2022-03-19T15:25:00.000Z,2026-03-17T09:39:00.005Z,e6e7841c01527dbdbe2c0ba310d533f0
Europe 3,10000028,500123,Unknown,,6789.01000,2021-03-29,2022-03-20T10:50:00.000Z,2026-03-17T09:39:00.005Z,6f2f4dcc1e2a07d6ba76122f86ee4a07
Europe 3,10000029,500124,Unknown,,7890.12000,2021-04-10,2022-03-20T16:20:00.000Z,2026-03-17T09:39:00.005Z,525ed1d01307ef6f0ee442dacf8f641b
Europe 3,10000030,500125,Unknown,,8901.23000,2021-05-21,2022-03-21T08:45:00.000Z,2026-03-17T09:39:00.005Z,c5230fec829de084a0a7493b9839e5bf
Europe 3,10000031,500126,Unknown,,9012.34000,2021-06-01,2022-03-21T13:10:00.000Z,2026-03-17T09:39:00.005Z,b7780f6fdc7785f00e39d412f4e8942f
Europe 3,10000032,500127,Unknown,COINSURANCE,12345.67000,2021-07-12,2022-03-22T09:35:00.000Z,2026-03-17T09:39:00.005Z,f00cddad21d1c760a33023f1208579e8
Europe 3,10000033,500128,Unknown,REINSURANCE,23456.78000,2021-08-23,2022-03-22T15:00:00.000Z,2026-03-17T09:39:00.005Z,b6193bde20a282424d6712f93de219c3
Europe 3,10000034,500129,Unknown,,34567.89000,2021-09-03,2022-03-23T10:25:00.000Z,2026-03-17T09:39:00.005Z,1adfe9439b28c47c13abc166050488b9
Europe 3,10000035,500130,Unknown,,45678.90000,2021-10-14,2022-03-23T14:55:00.000Z,2026-03-17T09:39:00.005Z,70f59f3c3fc0bb287e5f483e8c199686
Europe 3,10000036,500131,Unknown,,56789.01000,2021-11-25,2022-03-24T08:20:00.000Z,2026-03-17T09:39:00.005Z,0ef777720752cede3a219f05ae2d09f7
Europe 3,10000037,500132,Unknown,,67890.12000,2021-12-06,2022-03-24T12:45:00.000Z,2026-03-17T09:39:00.005Z,fc15f9aa678f8881d9c6d6c99f24de89
Europe 3,10000038,500133,Corporate,COINSURANCE,78901.23000,2022-01-17,2022-03-25T09:10:00.000Z,2026-03-17T09:39:00.005Z,13e92487f6ede2b8671de8304c6c789c
Europe 3,10000039,500134,Private,REINSURANCE,89012.34000,2021-02-28,2022-03-25T15:35:00.000Z,2026-03-17T09:39:00.005Z,23d8d08dc648a8780c548382848c8ad9
Europe 3,10000040,500135,Unknown,,90123.45000,2021-03-11,2022-03-26T10:00:00.000Z,2026-03-17T09:39:00.005Z,adb98f9360fee018875f36b0ea686238
Europe 3,10000041,500136,Unknown,,1234.56000,2021-04-22,2022-03-26T14:30:00.000Z,2026-03-17T09:39:00.005Z,c1522d4d266d6266d4a449c6409991e1
Europe 3,10000042,500137,Unknown,,2345.67000,2021-05-03,2022-03-27T08:55:00.000Z,2026-03-17T09:39:00.005Z,5c465ba88d8779e4703342a03d079638
Europe 3,10000043,500138,Unknown,,3456.78000,2021-06-14,2022-03-27T13:20:00.000Z,2026-03-17T09:39:00.005Z,613a854c994177fa7eab7ef019e3f449
Europe 3,10000044,500139,Unknown,COINSURANCE,4567.89000,2021-07-25,2022-03-28T09:45:00.000Z,2026-03-17T09:39:00.005Z,453c14708b1569f6c843b96021198615
Europe 3,10000045,500140,Unknown,REINSURANCE,5678.90000,2021-08-05,2022-03-28T16:10:00.000Z,2026-03-17T09:39:00.005Z,d6dc5ab50e133230061c27e9642967c9
Europe 3,46784575,7065313,Private,,11000.00000,2021-09-29,2022-01-17T14:46:00.000Z,2026-03-17T09:39:00.005Z,22e72db452e973fec96bd223cc67d213
Europe 3,,962234,Private,COINSURANCE,52369.00000,2021-01-30,2022-01-17T14:46:00.000Z,2026-03-17T09:39:00.005Z,738f8bad9d69baf14f9264f8be6d821d
Europe 3,97563756,,Corporate,,1000.50000,2021-06-01,2022-01-17T15:30:00.000Z,2026-03-17T09:39:00.005Z,615d81679666113e8b6003724f6bb2da
Europe 3,13767503,1,Private,COINSURANCE,0.00000,2021-03-15,2022-01-17T16:00:00.000Z,2026-03-17T09:39:00.005Z,d47117b2abd1df1aa11c581143de739d
Europe 3,656948536,2,Corporate,REINSURANCE,-500.25000,2021-04-20,2022-01-17T16:30:00.000Z,2026-03-17T09:39:00.005Z,bdb28ef0d2de2d5ece3240444f16713c
